"","gene"
"1","Tnpo2"
"2","Haus7"
"3","Itch"
"4","Rad51c"
"5","Spred1"
"6","Itgb1"
"7","Prpf40a"
"8","Stac3"
"9","Cuzd1"
"10","Proc"
"11","D7Ertd443e"
"12","Jak2"
"13","Ctso"
"14","Trim72"
"15","Kif2c"
"16","Timp2"
"17","Gzmn"
"18","Dna2"
"19","Pawr"
"20","Xrcc2"
"21","Ajuba"
"22","Jun"
"23","Junb"
"24","Jund"
"25","Lig4"
"26","Gmnn"
"27","Fbxo3"
"28","Kcna5"
"29","Haus8"
"30","Usp44"
"31","Calm1"
"32","Napsa"
"33","Mdfic"
"34","Usp37"
"35","Kif11"
"36","Kif13a"
"37","Psmb11"
"38","Calr"
"39","Prss27"
"40","Kif3b"
"41","Kif4"
"42","Ift57"
"43","Tmprss15"
"44","Hdac9"
"45","Pid1"
"46","Kifap3"
"47","Uhmk1"
"48","Afg3l1"
"49","Adamtsl4"
"50","Sin3a"
"51","Klk1"
"52","Klk1b11"
"53","Klk1b16"
"54","Klk1b21"
"55","Klk1b24"
"56","Klk1b26"
"57","Klk1b27"
"58","Klkb1"
"59","Klk1b5"
"60","Klk1b1"
"61","Klk1b8"
"62","Mael"
"63","Smo"
"64","Herc3"
"65","Hecw1"
"66","Pik3c3"
"67","Khdc1b"
"68","Btbd11"
"69","Fam76a"
"70","Taf1"
"71","Psen1"
"72","Tcf19"
"73","Haus2"
"74","Atad5"
"75","Ddias"
"76","Thra"
"77","Rc3h2"
"78","Mbtps2"
"79","Asz1"
"80","Brip1"
"81","Rhbdl3"
"82","Syce1"
"83","Capn8"
"84","Pes1"
"85","Acta1"
"86","Hexim2"
"87","H3f3b"
"88","Cep55"
"89","Stmn1"
"90","Usp16"
"91","Tmprss11b"
"92","Actr3"
"93","Sppl2c"
"94","Prdm9"
"95","Syvn1"
"96","Cdc14a"
"97","Hmgb1"
"98","Piwil2"
"99","Jmy"
"100","Piwil1"
"101","Wdr12"
"102","Rnf25"
"103","Psmc3ip"
"104","Lonp1"
"105","Opa1"
"106","Arhgef2"
"107","Klhdc8a"
"108","Unkl"
"109","Zak"
"110","Ttyh1"
"111","Lck"
"112","Fbxl22"
"113","Bin3"
"114","Rangrf"
"115","Gan"
"116","Casp4"
"117","Taf2"
"118","Lef1"
"119","Katnb1"
"120","Ccin"
"121","Lep"
"122","Banp"
"123","Lfng"
"124","Cenpe"
"125","Cep97"
"126","Ranbp17"
"127","Xpo6"
"128","Gdpd5"
"129","Sept14"
"130","Lig1"
"131","Lig3"
"132","Ran"
"133","Adamts13"
"134","Mul1"
"135","Tnfaip3"
"136","Tubgcp2"
"137","Ppil2"
"138","Gzmm"
"139","Lmnb1"
"140","Cdc123"
"141","Psmb9"
"142","Psmb8"
"143","Klhl8"
"144","Ccdc79"
"145","Rnf138rt1"
"146","Khdc3"
"147","Lnx1"
"148","Usp20"
"149","Psmg2"
"150","Rnf222"
"151","Rmnd5b"
"152","Rnf182"
"153","Kcmf1"
"154","Pga5"
"155","Zfp318"
"156","Anxa1"
"157","Pidd1"
"158","Prr11"
"159","Prss46"
"160","Rnf145"
"161","Lrp5"
"162","Lrp6"
"163","Tipin"
"164","Ska2"
"165","Nek3"
"166","Xrcc3"
"167","Ltf"
"168","Snai2"
"169","Anapc11"
"170","Pop4"
"171","Smchd1"
"172","Bccip"
"173","Cep57"
"174","Med11"
"175","Mei1"
"176","Rptor"
"177","Prcc"
"178","Rbm7"
"179","Cks2"
"180","Specc1l"
"181","Map10"
"182","Zmat4"
"183","4933406J08Rik"
"184","Med7"
"185","Rgcc"
"186","Myb"
"187","Zmiz1"
"188","Mybl2"
"189","Kcnh5"
"190","Nol6"
"191","Eif4g3"
"192","Ddx11"
"193","Senp5"
"194","Npr2"
"195","Mad1l1"
"196","Cep72"
"197","Smad3"
"198","4933427D14Rik"
"199","Shb"
"200","Vash1"
"201","Mamstr"
"202","Kbtbd13"
"203","Ccndbp1"
"204","Prepl"
"205","Mplkip"
"206","Fancl"
"207","Cenpw"
"208","Smurf2"
"209","Mapkapk2"
"210","Mapkapk5"
"211","Ascl1"
"212","Masp1"
"213","Masp2"
"214","Psmd10"
"215","Fam175b"
"216","Cep152"
"217","Snai1"
"218","Eid3"
"219","Atf5"
"220","Mbd4"
"221","Pmf1"
"222","Snw1"
"223","Mau2"
"224","Rnf152"
"225","Mcm3"
"226","Mcm2"
"227","Mcm4"
"228","Mcm5"
"229","Chmp4c"
"230","Mcm7"
"231","Cd46"
"232","Anapc1"
"233","Mcpt1"
"234","Plk2"
"235","Rad18"
"236","Mcpt4"
"237","Cma1"
"238","Tpsb2"
"239","Mcpt8"
"240","Mcpt9"
"241","Mgrn1"
"242","Sppl3"
"243","Nosip"
"244","Kbtbd12"
"245","Mdm2"
"246","Mdm4"
"247","Rtfdc1"
"248","Sac3d1"
"249","Prss33"
"250","Pard6b"
"251","Mmp19"
"252","Rnf8"
"253","Ep300"
"254","Melk"
"255","Hectd3"
"256","Men1"
"257","Tubgcp6"
"258","Mep1a"
"259","Cdc26"
"260","Ndc80"
"261","Cenpt"
"262","Met"
"263","Wash1"
"264","Txlng"
"265","Wdr43"
"266","Foxc1"
"267","Spsb1"
"268","Adam32"
"269","Mif"
"270","Ctrb1"
"271","Chaf1b"
"272","Cxcl9"
"273","Cse1l"
"274","Ccne1"
"275","Bhlha15"
"276","Med6"
"277","Tdrd9"
"278","Mlf1"
"279","Mlh1"
"280","Rnf181"
"281","AY074887"
"282","Fbxo2"
"283","Cul7"
"284","Btn2a2"
"285","Romo1"
"286","Mme"
"287","Mmp12"
"288","Mmp10"
"289","Mmp11"
"290","Mmp13"
"291","Mmp14"
"292","Mmp15"
"293","Immp1l"
"294","Mmp2"
"295","Mmp24"
"296","Mmp3"
"297","Mmp7"
"298","Mmp8"
"299","Mmp9"
"300","Herc6"
"301","Sppl2a"
"302","Ddit4"
"303","Myo6"
"304","Ece2"
"305","Tada3"
"306","Mnat1"
"307","Mis18a"
"308","Mns1"
"309","Mnt"
"310","Xpo5"
"311","Sepn1"
"312","Trim5"
"313","Ube2v1"
"314","Zfp703"
"315","Mad2l1bp"
"316","Diablo"
"317","Ccno"
"318","Mos"
"319","Sycp2"
"320","Cul4a"
"321","Wwp1"
"322","Kif2a"
"323","Abtb2"
"324","Atg4b"
"325","Snx9"
"326","Ovol2"
"327","Puf60"
"328","Mcm8"
"329","Phf8"
"330","Usp1"
"331","Smyd2"
"332","Ndnl2"
"333","Tex12"
"334","Meikin"
"335","Naca"
"336","Ccnh"
"337","Tet2"
"338","Trim13"
"339","Mre11a"
"340","Klhl28"
"341","Ago3"
"342","Chmp3"
"343","Capn13"
"344","Cep164"
"345","Gm4858"
"346","Kbtbd11"
"347","Cts6"
"348","Sbds"
"349","Actr2"
"350","Bace2"
"351","Klhl10"
"352","Bcl10"
"353","Rnf220"
"354","Zyg11a"
"355","Nrd1"
"356","Tnpo1"
"357","Ube2j2"
"358","Mrpl41"
"359","Rhbdd3"
"360","Ipo8"
"361","Trappc12"
"362","Pogz"
"363","Nudt15"
"364","Ube2w"
"365","Usp47"
"366","Ankrd1"
"367","Tmprss12"
"368","Klhl40"
"369","Pycard"
"370","Smc1b"
"371","Ipo13"
"372","Cited2"
"373","Msh2"
"374","Msh3"
"375","Msh5"
"376","Msh6"
"377","Mei4"
"378","Sik1"
"379","Rdx"
"380","Trim35"
"381","Pmpca"
"382","Thoc5"
"383","Nox4"
"384","Thop1"
"385","Tdpoz1"
"386","E2f6"
"387","Gpx1"
"388","Rhbdl2"
"389","Lonp2"
"390","Rnf128"
"391","Wwp2"
"392","Cdk15"
"393","Proz"
"394","Ube4a"
"395","Lats2"
"396","Map4"
"397","Tmprss2"
"398","Hic1"
"399","Chordc1"
"400","Myocd"
"401","Dsn1"
"402","Shisa5"
"403","Sesn2"
"404","Trim59"
"405","Fbxw7"
"406","Cdk5rap1"
"407","Cblc"
"408","Nuf2"
"409","Zfp830"
"410","Obox4"
"411","Meiob"
"412","Cdk5rap2"
"413","Cdk9"
"414","Pmaip1"
"415","Cdc25b"
"416","Mlxipl"
"417","Usp34"
"418","Uqcrc2"
"419","Hecw2"
"420","Hist1h1t"
"421","Oma1"
"422","Rad51"
"423","Bre"
"424","Ece1"
"425","Rnf121"
"426","Myc"
"427","Gadd45b"
"428","Ddb2"
"429","Rad51b"
"430","2610002M06Rik"
"431","Myf5"
"432","Myf6"
"433","Spin1"
"434","Crocc"
"435","Cdc20"
"436","Tmprss3"
"437","Myh9"
"438","Cenpf"
"439","Sept2"
"440","Rnf19b"
"441","Ndel1"
"442","Ccnb1ip1"
"443","Adamdec1"
"444","6330408A02Rik"
"445","Ipo7"
"446","Chmp1b"
"447","Mapk6"
"448","Tmprss4"
"449","Tardbp"
"450","Rps6ka6"
"451","Mov10l1"
"452","Tmprss13"
"453","Tex40"
"454","Myod1"
"455","Myog"
"456","Ppp1r12a"
"457","Ppp1r1c"
"458","Elane"
"459","Setdb2"
"460","Naip1"
"461","Phf13"
"462","Camk2d"
"463","Naip2"
"464","Naip5"
"465","Naip6"
"466","Klhl17"
"467","Ppp2r4"
"468","Ankrd53"
"469","Dynlt3"
"470","Bfar"
"471","Mastl"
"472","Prmt6"
"473","Neurog1"
"474","Rnf216"
"475","Ube2g1"
"476","Rnf144a"
"477","Nanos2"
"478","Kbtbd4"
"479","Med21"
"480","Mis12"
"481","Ndrg1"
"482","Fbxo5"
"483","Fbxo6"
"484","Mphosph8"
"485","Fbxo15"
"486","Nedd1"
"487","Rnf141"
"488","Nedd4"
"489","Dlc1"
"490","Rnaseh2b"
"491","Nedd9"
"492","Nek1"
"493","Nek2"
"494","Ranbp1"
"495","Neurl1a"
"496","Neurod1"
"497","Arl8b"
"498","Nfatc3"
"499","Nfatc1"
"500","Nfatc2"
"501","Fbxl8"
"502","Fbxl3"
"503","Tex11"
"504","Magi2"
"505","Tex14"
"506","Cdt1"
"507","Dmrt1"
"508","4930486L24Rik"
"509","F12"
"510","Smpd3"
"511","Cd74"
"512","Dclre1b"
"513","Tdrd1"
"514","Adamts7"
"515","Wrap73"
"516","Maea"
"517","Ube2t"
"518","Klk1b4"
"519","Capn15"
"520","Klk1b3"
"521","Nde1"
"522","Ngfr"
"523","Rrs1"
"524","Orc3"
"525","Kdm1a"
"526","Med12"
"527","Nup43"
"528","Huwe1"
"529","Med18"
"530","Psmd14"
"531","Dact1"
"532","Rnf10"
"533","Spast"
"534","Cinp"
"535","Setx"
"536","Arpp19"
"537","Smc6"
"538","Nkx2-5"
"539","Peli1"
"540","Nkx3-1"
"541","Keap1"
"542","Rbck1"
"543","Park2"
"544","Cma2"
"545","Stag3"
"546","Chek2"
"547","Suv39h2"
"548","Nr4a3"
"549","Klhl26"
"550","Med31"
"551","Notch1"
"552","Notch2"
"553","Haus3"
"554","Pcbp4"
"555","Wdr6"
"556","Uhrf1"
"557","Adamts15"
"558","Exosc9"
"559","Npm1"
"560","Rxfp3"
"561","Boll"
"562","Mmp21"
"563","Nasp"
"564","Tnfsf14"
"565","Ing1"
"566","Nek6"
"567","Rcc1"
"568","Slc11a2"
"569","Nras"
"570","Anapc5"
"571","Cetn2"
"572","Rfwd2"
"573","Rffl"
"574","Herc4"
"575","Map2k1"
"576","Tmprss11c"
"577","AF366264"
"578","Npm2"
"579","Map3k8"
"580","2210010C04Rik"
"581","Mapk13"
"582","Mapk14"
"583","Mapk3"
"584","Nup62"
"585","Mapk8"
"586","Nubp1"
"587","Tas1r2"
"588","Neurl3"
"589","Psma1"
"590","Phactr4"
"591","Psma5"
"592","Psma6"
"593","Psma7"
"594","Psmb2"
"595","Psmb3"
"596","Chmp4b"
"597","Med25"
"598","Nedd4l"
"599","Birc7"
"600","Kdm5a"
"601","Ilkap"
"602","Chtf18"
"603","Klhl13"
"604","Cdk8"
"605","Poc5"
"606","Lin37"
"607","Mir124a-2"
"608","Ncstn"
"609","Syf2"
"610","Nudt16"
"611","Rhbdl1"
"612","Srf"
"613","Ccar1"
"614","Rnf151"
"615","Cul3"
"616","Homer1"
"617","Mmp23"
"618","Cul5"
"619","Chtf8"
"620","Rcbtb1"
"621","Uba6"
"622","Bex2"
"623","Tmprss11d"
"624","Orc1"
"625","Rnf130"
"626","Anapc15"
"627","Ipo4"
"628","Dnaja3"
"629","Phip"
"630","Osm"
"631","Anapc7"
"632","Wdr81"
"633","Ube2e2"
"634","Ovol1"
"635","Vps4a"
"636","Mybbp1a"
"637","Rnf41"
"638","March4"
"639","Klhl24"
"640","Ckap5"
"641","Tpsab1"
"642","Smurf1"
"643","Stk24"
"644","Mmp1a"
"645","Mmp1b"
"646","Nln"
"647","Ube2r2"
"648","Tasp1"
"649","Pafah1b1"
"650","Anp32b"
"651","Spc24"
"652","Senp2"
"653","Hormad2"
"654","Astl"
"655","Pappa"
"656","Zfyve26"
"657","Mir16-1"
"658","Rnf139"
"659","Tmem67"
"660","Ctdp1"
"661","Hip1"
"662","Pax6"
"663","Tmem109"
"664","Rnf125"
"665","Lin54"
"666","Kat2b"
"667","Adam1b"
"668","Adam1a"
"669","Tmod3"
"670","Ranbp3l"
"671","Prss37"
"672","Pcnt"
"673","Prelp"
"674","Pcsk1"
"675","Pcsk2"
"676","Furin"
"677","Pcsk4"
"678","Rhbdd2"
"679","Pcsk6"
"680","Pcsk7"
"681","Usp8"
"682","Atp2b4"
"683","Nsmce1"
"684","Cops5"
"685","Pdcd2"
"686","Pdcd4"
"687","Pdcd6"
"688","Pdcd6ip"
"689","Pop1"
"690","Mir26a-1"
"691","Syce3"
"692","Stat1"
"693","Evi5"
"694","Pgap2"
"695","Gak"
"696","Pdgfb"
"697","Mir124a-1"
"698","Ush1c"
"699","Pdgfrb"
"700","Gins2"
"701","Pdk2"
"702","Gmnc"
"703","Chfr"
"704","P2rx2"
"705","Stat5b"
"706","Per2"
"707","Rassf4"
"708","Pagr1a"
"709","Cdk14"
"710","Il1f9"
"711","Foxn3"
"712","Dap"
"713","March6"
"714","Poldip2"
"715","Hoxa13"
"716","Abcb1a"
"717","Phex"
"718","Fbxw8"
"719","Nov"
"720","Rnf115"
"721","Cenph"
"722","Cdca5"
"723","Ncapg2"
"724","Asprv1"
"725","Ppp6c"
"726","Ctsj"
"727","Tas2r121"
"728","Pim1"
"729","Pim2"
"730","Cela3b"
"731","Exo1"
"732","Nsmce4a"
"733","H2afy"
"734","Ern2"
"735","Zfp346"
"736","Cntrl"
"737","C1s1"
"738","Try10"
"739","Rad9b"
"740","Aifm1"
"741","C1ra"
"742","Racgap1"
"743","Senp6"
"744","Pja1"
"745","Pef1"
"746","Prkaca"
"747","Slc9a3r1"
"748","Prkca"
"749","Gipc1"
"750","Tpsg1"
"751","Prkce"
"752","Gper1"
"753","Zw10"
"754","Prkcq"
"755","Cts3"
"756","Pkd1"
"757","Pkd2"
"758","Pkia"
"759","Ube2f"
"760","Brinp3"
"761","Tceb1"
"762","Cul1"
"763","Cltc"
"764","Ncaph"
"765","Spo11"
"766","Rps27l"
"767","Pds5b"
"768","Plat"
"769","Plau"
"770","E430025E21Rik"
"771","Nusap1"
"772","Nifk"
"773","Rcc2"
"774","Cdca2"
"775","Setd8"
"776","Pop5"
"777","Adamts12"
"778","Rnf6"
"779","Mepce"
"780","Mapre3"
"781","Plg"
"782","Plk1"
"783","Ccny"
"784","Adamts3"
"785","Hormad1"
"786","Usp30"
"787","Rab11fip3"
"788","Opn1mw"
"789","Nacc2"
"790","Ube3b"
"791","Ube3c"
"792","E2f8"
"793","Hfm1"
"794","Pml"
"795","Pmp22"
"796","Pms2"
"797","Zwilch"
"798","Mmp25"
"799","Gm10696"
"800","Lats1"
"801","2810417H13Rik"
"802","Papd5"
"803","Tpr"
"804","Rnf146"
"805","Trabd2b"
"806","Taok3"
"807","Znrf2"
"808","Hectd1"
"809","Aen"
"810","Sun2"
"811","Nutf2"
"812","Mdc1"
"813","Hp"
"814","Eif2ak4"
"815","Klhl25"
"816","3010026O09Rik"
"817","Fzd3"
"818","Pdcd2l"
"819","Uba7"
"820","Fsd1"
"821","Rchy1"
"822","Cdc34"
"823","Sept5"
"824","Sept4"
"825","Cntd1"
"826","Pcnp"
"827","Sdccag3"
"828","Pole"
"829","Pim3"
"830","Morc3"
"831","Pcsk9"
"832","Ino80"
"833","Pou4f1"
"834","Uhrf2"
"835","Asph"
"836","Spire1"
"837","Pparg"
"838","Dbf4"
"839","Azi2"
"840","Ppp2r1a"
"841","Chaf1a"
"842","Trp53bp1"
"843","Bok"
"844","Adamts20"
"845","Rpl24"
"846","Ccnc"
"847","Ppp1cb"
"848","Ube2q2"
"849","Ppp2ca"
"850","Ppp2r3d"
"851","Ppp3ca"
"852","Nup88"
"853","Senp1"
"854","Prep"
"855","Mcmbp"
"856","Zmat1"
"857","Rpa3"
"858","Prkdc"
"859","Babam1"
"860","Fam64a"
"861","Rif1"
"862","Prss23"
"863","Fbxo31"
"864","Tubgcp4"
"865","Casc5"
"866","Cdc73"
"867","Rpa1"
"868","Clgn"
"869","Wtap"
"870","Prox1"
"871","Rnf24"
"872","Adamts19"
"873","Lgmn"
"874","Prss12"
"875","St14"
"876","Klk6"
"877","Ncapd2"
"878","Bcor"
"879","Prtn3"
"880","Clasp2"
"881","Prr5"
"882","Nbn"
"883","Rnf165"
"884","Adgb"
"885","Psen2"
"886","Psma2"
"887","Psma3"
"888","Add3"
"889","Malt1"
"890","Psmb10"
"891","Psmb4"
"892","Psmb5"
"893","Cetn1"
"894","Psmb6"
"895","Knstrn"
"896","Psmb7"
"897","Thsd4"
"898","Cyp26b1"
"899","Tjp3"
"900","Yme1l1"
"901","Psme1"
"902","Psme2"
"903","Marf1"
"904","Psme3"
"905","Magel2"
"906","Mmel1"
"907","Wdr37"
"908","Pstpip1"
"909","Ptch1"
"910","Spidr"
"911","Skp2"
"912","Pten"
"913","Tmem129"
"914","Nudc"
"915","Prss8"
"916","Rnf20"
"917","Pkn2"
"918","Klhl22"
"919","Ptgs2"
"920","Ciz1"
"921","Mib2"
"922","Ipo11"
"923","Ptp4a1"
"924","Ptpn11"
"925","Dusp1"
"926","Pibf1"
"927","Ptprc"
"928","Sae1"
"929","Ptprk"
"930","Steap3"
"931","Fbxl15"
"932","Hepacam2"
"933","Asb10"
"934","Pura"
"935","Atg4a"
"936","Pak2"
"937","Rmnd5a"
"938","Rnf43"
"939","Peli3"
"940","Arel1"
"941","Kif20a"
"942","Nsmce2"
"943","Rad1"
"944","Rad17"
"945","Ctrc"
"946","Rad50"
"947","Clasp1"
"948","Rad51d"
"949","Mir489"
"950","Eml1"
"951","Dzip3"
"952","Rag1"
"953","C1rl"
"954","Psma4"
"955","Fign"
"956","Nrip2"
"957","Ranbp2"
"958","Rangap1"
"959","Camk1"
"960","Sgol2a"
"961","Rara"
"962","Donson"
"963","Ddb1"
"964","Stox1"
"965","Cgref1"
"966","Htra4"
"967","Anapc4"
"968","Mir124a-3"
"969","Sri"
"970","Zfp365"
"971","Mzt1"
"972","Mir26a-2"
"973","Rbm24"
"974","Rnf213"
"975","Kif20b"
"976","Hnf4a"
"977","Ube2c"
"978","Ube2d1"
"979","Thap1"
"980","Angel2"
"981","Adamts9"
"982","Gigyf2"
"983","Dtl"
"984","Ago4"
"985","Cdca8"
"986","Scgb3a1"
"987","Ybey"
"988","Spopl"
"989","Klk5"
"990","Rhbdd1"
"991","Dlgap5"
"992","Psmb1"
"993","Rnf208"
"994","Cyfip2"
"995","Abl1"
"996","Klhl42"
"997","Cyld"
"998","Klhl7"
"999","Jade2"
"1000","Plk5"
"1001","Rnf166"
"1002","Ccp110"
"1003","Fignl1"
"1004","Mnd1"
"1005","Arl8a"
"1006","Trim37"
"1007","Appl2"
"1008","Anln"
"1009","Piwil4"
"1010","Cgrrf1"
"1011","H2afy2"
"1012","Ace"
"1013","Chmp5"
"1014","Acr"
"1015","Sept11"
"1016","Capn12"
"1017","Ube2ql1"
"1018","Trp53inp1"
"1019","Dixdc1"
"1020","Ubr3"
"1021","Rb1"
"1022","Rbbp4"
"1023","Rbbp6"
"1024","Rbl1"
"1025","Rbl2"
"1026","Wee1"
"1027","Brinp2"
"1028","Ppp2r2d"
"1029","Actn3"
"1030","Ticrr"
"1031","Acvr1"
"1032","Rce1"
"1033","Chmp6"
"1034","Adam10"
"1035","Adam11"
"1036","Adam12"
"1037","Adam15"
"1038","Adam17"
"1039","Adam19"
"1040","Iqgap3"
"1041","Adam2"
"1042","Adam22"
"1043","Adam5"
"1044","Adam7"
"1045","Adam8"
"1046","Adam9"
"1047","Adamts1"
"1048","Ctdsp2"
"1049","Ren1"
"1050","Ren2"
"1051","Kdm8"
"1052","Upf1"
"1053","Pgc"
"1054","F11"
"1055","Ret"
"1056","Rnf122"
"1057","Trim27"
"1058","Ints7"
"1059","Acvr1b"
"1060","Xrcc6bp1"
"1061","Prss58"
"1062","Cfd"
"1063","Rgs2"
"1064","Prss35"
"1065","Tmprss7"
"1066","Kbtbd2"
"1067","Wnt1"
"1068","Ralbp1"
"1069","Klhl2"
"1070","Mis18bp1"
"1071","Trim68"
"1072","Btbd2"
"1073","Numa1"
"1074","Cela1"
"1075","Chmp2b"
"1076","Cdc23"
"1077","Zfp91"
"1078","Ube2d3"
"1079","Chmp2a"
"1080","Ccar2"
"1081","Asb14"
"1082","Prpf19"
"1083","Ctc1"
"1084","Ahr"
"1085","Miip"
"1086","Zc3hc1"
"1087","Rlim"
"1088","Rnf2"
"1089","Rnf4"
"1090","Rnf7"
"1091","Thoc1"
"1092","Ing4"
"1093","Ak1"
"1094","Os9"
"1095","Pik3r4"
"1096","Lemd2"
"1097","Akt1"
"1098","Larp7"
"1099","Anapc10"
"1100","Dot1l"
"1101","Pkhd1"
"1102","Anapc13"
"1103","Kifc1"
"1104","Btbd9"
"1105","Rny1"
"1106","Rny3"
"1107","Wrn"
"1108","Mitd1"
"1109","Rock2"
"1110","Alox8"
"1111","Nupr1l"
"1112","Med10"
"1113","Rpa2"
"1114","Adamts10"
"1115","Aph1b"
"1116","E2f7"
"1117","Trim36"
"1118","1810011O10Rik"
"1119","Kif22"
"1120","Nsun2"
"1121","Triap1"
"1122","Map9"
"1123","Ank3"
"1124","Zwint"
"1125","Anxa11"
"1126","Dek"
"1127","Cep63"
"1128","Adcyap1"
"1129","Rrp8"
"1130","Anapc16"
"1131","Sun1"
"1132","Mark4"
"1133","Fam58b"
"1134","Csnk1a1"
"1135","Klhl1"
"1136","Wdr82"
"1137","Ubr4"
"1138","Gpnmb"
"1139","Golga2"
"1140","Apaf1"
"1141","Apbb1"
"1142","Cdk12"
"1143","Apc"
"1144","Apex1"
"1145","Birc3"
"1146","Birc2"
"1147","Xiap"
"1148","Birc5"
"1149","Kbtbd3"
"1150","Reep3"
"1151","Wnt16"
"1152","Pard6g"
"1153","Nr2f2"
"1154","App"
"1155","Klhl3"
"1156","Pard3"
"1157","Cnppd1"
"1158","Rnf168"
"1159","Klhl29"
"1160","Ubr2"
"1161","Eef1e1"
"1162","Immp2l"
"1163","Sirt1"
"1164","Ehmt2"
"1165","Usp49"
"1166","Ube2n"
"1167","Rhoa"
"1168","Rhob"
"1169","Rhoc"
"1170","Brcc3"
"1171","Arntl"
"1172","Rab35"
"1173","Aph1c"
"1174","Adamts4"
"1175","Wdr62"
"1176","Champ1"
"1177","Gtpbp4"
"1178","Dicer1"
"1179","Slx4"
"1180","Haus4"
"1181","Atf2"
"1182","Rps6"
"1183","Peli2"
"1184","Rnf111"
"1185","C1rb"
"1186","Ddx39b"
"1187","Rps6ka2"
"1188","Adamts2"
"1189","Gins1"
"1190","Ctdspl"
"1191","Trim62"
"1192","Lcmt1"
"1193","Pja2"
"1194","Gadd45gip1"
"1195","Triobp"
"1196","Flna"
"1197","Mmp28"
"1198","Shox2"
"1199","Bcr"
"1200","Heca"
"1201","Mtus1"
"1202","Uimc1"
"1203","Wnt9a"
"1204","Prss38"
"1205","Ryr1"
"1206","Nlrp3"
"1207","Flcn"
"1208","Axin2"
"1209","Hexim1"
"1210","Cep131"
"1211","S100a9"
"1212","Bach1"
"1213","Bach2"
"1214","Bad"
"1215","Bak1"
"1216","Kntc1"
"1217","Bard1"
"1218","Barx2"
"1219","Lemd3"
"1220","Usp22"
"1221","Khdrbs1"
"1222","Bax"
"1223","Phb2"
"1224","Eif4g1"
"1225","Hist1h4h"
"1226","Bcl2"
"1227","Cntrob"
"1228","Bcl2l1"
"1229","Bcl3"
"1230","Kctd11"
"1231","Fbxo11"
"1232","Bdnf"
"1233","Spata22"
"1234","Prss36"
"1235","Apex2"
"1236","Tubgcp5"
"1237","Scrib"
"1238","Prss56"
"1239","Dis3l2"
"1240","Ube2k"
"1241","Ccl8"
"1242","Zfp385b"
"1243","Hdac4"
"1244","Bid"
"1245","Cxcl12"
"1246","Bcl2l11"
"1247","Wac"
"1248","Blm"
"1249","Cxcr5"
"1250","Bmp1"
"1251","Bmp2"
"1252","Bmp4"
"1253","Gjd4"
"1254","Bmp7"
"1255","Git1"
"1256","Taok1"
"1257","Trim6"
"1258","Trim9"
"1259","Trim11"
"1260","Mib1"
"1261","Smyd1"
"1262","Bop1"
"1263","Sfrp1"
"1264","Brca1"
"1265","Rbbp8"
"1266","Zfp36l1"
"1267","Zfp36l2"
"1268","Trnp1"
"1269","Capns2"
"1270","Sgk1"
"1271","Mapk1ip1"
"1272","Sh2b1"
"1273","Bora"
"1274","Birc6"
"1275","Bod1"
"1276","Cdk13"
"1277","Prc1"
"1278","Btc"
"1279","Adarb1"
"1280","Tada2a"
"1281","Btrc"
"1282","Bub1"
"1283","Bub1b"
"1284","Rhou"
"1285","Siah1a"
"1286","Siah1b"
"1287","Siah2"
"1288","Exd1"
"1289","Wdr76"
"1290","Afg3l2"
"1291","Tacc1"
"1292","Dab2ip"
"1293","Adamtsl2"
"1294","C2"
"1295","Stil"
"1296","Esco1"
"1297","Pitrm1"
"1298","Klhl14"
"1299","Sin3b"
"1300","Sipa1"
"1301","Six3"
"1302","Six4"
"1303","Vps4b"
"1304","Ski"
"1305","Skil"
"1306","Cacna1s"
"1307","Slbp"
"1308","Fntb"
"1309","Rnf217"
"1310","Dctn2"
"1311","Hinfp"
"1312","P2rx1"
"1313","Calm2"
"1314","Calm3"
"1315","Aspm"
"1316","Msl2"
"1317","Camk2a"
"1318","Camk2b"
"1319","Fkbp6"
"1320","Camk2g"
"1321","Adamts18"
"1322","Capn1"
"1323","Capn2"
"1324","Capn3"
"1325","Capns1"
"1326","Capn5"
"1327","Capn6"
"1328","Capn7"
"1329","Rps6ka3"
"1330","Batf"
"1331","Ube2s"
"1332","Plrg1"
"1333","Lsm10"
"1334","Casp1"
"1335","Slfn1"
"1336","Casp12"
"1337","Casp14"
"1338","Casp2"
"1339","Casp3"
"1340","Casp6"
"1341","Casp7"
"1342","Casp8"
"1343","Casp9"
"1344","Trip13"
"1345","Cast"
"1346","Smyd3"
"1347","Ctnnb1"
"1348","L3mbtl1"
"1349","Cav1"
"1350","Cav2"
"1351","Cav3"
"1352","Nup37"
"1353","Hltf"
"1354","Klhl11"
"1355","Smarcb1"
"1356","Parl"
"1357","Runx3"
"1358","Cbl"
"1359","Sirt7"
"1360","Fbxo7"
"1361","Usp2"
"1362","Asb16"
"1363","Sdcbp"
"1364","Traf7"
"1365","Mir26b"
"1366","Rb1cc1"
"1367","Cck"
"1368","Snca"
"1369","Ccna1"
"1370","Ccna2"
"1371","Aif1"
"1372","Cdc27"
"1373","Klk13"
"1374","Ccnb2"
"1375","Ccnd1"
"1376","Ccnd2"
"1377","Ccnd3"
"1378","Med30"
"1379","Adam33"
"1380","Ccne2"
"1381","Ccnf"
"1382","Ccng1"
"1383","Ccng2"
"1384","Ccni"
"1385","Ccnk"
"1386","Htatip2"
"1387","Corin"
"1388","Trim32"
"1389","Son"
"1390","Sort1"
"1391","Pggt1b"
"1392","Nup50"
"1393","Sox15"
"1394","Sox2"
"1395","Ccnb3"
"1396","Sox4"
"1397","Cd28"
"1398","Cd2ap"
"1399","Sox9"
"1400","Fzd9"
"1401","Ranbp10"
"1402","Cd44"
"1403","Sphk1"
"1404","Cd53"
"1405","Csrp3"
"1406","Llgl2"
"1407","Cdc25a"
"1408","Cep120"
"1409","Cdc25c"
"1410","Cdk1"
"1411","Cdk11b"
"1412","Cdc42"
"1413","Ube2o"
"1414","Cdc45"
"1415","Cdc7"
"1416","Itgb3bp"
"1417","Sptbn1"
"1418","Spop"
"1419","Gm960"
"1420","Ccnl1"
"1421","Usp39"
"1422","Cdk2"
"1423","Cdk4"
"1424","Cdk5"
"1425","Cdk5r1"
"1426","Cdk6"
"1427","Cdk7"
"1428","Nabp2"
"1429","Cdkn1a"
"1430","Cdkn1b"
"1431","Cdkn1c"
"1432","Cdkn2a"
"1433","Cdkn2b"
"1434","Cdkn2c"
"1435","Cdkn2d"
"1436","Apitd1"
"1437","Src"
"1438","Cdx2"
"1439","Dtx3l"
"1440","Cebpa"
"1441","Cdc16"
"1442","Cenpa"
"1443","Cenpc1"
"1444","Spred2"
"1445","Srpk2"
"1446","Cetn3"
"1447","Trim21"
"1448","Cfi"
"1449","Cfl1"
"1450","Cflar"
"1451","Dctn3"
"1452","Hjurp"
"1453","Znrf4"
"1454","Chek1"
"1455","Stag1"
"1456","Stag2"
"1457","Kif14"
"1458","M1ap"
"1459","Stat3"
"1460","Stat5a"
"1461","Blcap"
"1462","Cnot4"
"1463","Bbs4"
"1464","Ace2"
"1465","Insm1"
"1466","Cep76"
"1467","Cep85"
"1468","Ctse"
"1469","Slc26a8"
"1470","Stim1"
"1471","Stk10"
"1472","Stk11"
"1473","Nsl1"
"1474","Aurkc"
"1475","Plk4"
"1476","Cideb"
"1477","Aurkb"
"1478","Aurka"
"1479","Kctd13"
"1480","Cirbp"
"1481","Stra13"
"1482","Cit"
"1483","Stra8"
"1484","Spdl1"
"1485","Sstr5"
"1486","Rnf40"
"1487","Acer2"
"1488","Stxbp4"
"1489","Gen1"
"1490","Mapk4"
"1491","Cpne1"
"1492","Suv39h1"
"1493","Ube2q1"
"1494","Syce1l"
"1495","Tpp1"
"1496","Haus1"
"1497","Smc4"
"1498","Clta"
"1499","G2e3"
"1500","Znhit1"
"1501","Robo1"
"1502","Sycp1"
"1503","Sycp3"
"1504","Cul9"
"1505","Baz1a"
"1506","Pbx1"
"1507","Plk3"
"1508","Cdk19"
"1509","Adamts8"
"1510","Col4a3"
"1511","Mir744"
"1512","Hoxc10"
"1513","Fam162a"
"1514","Rassf2"
"1515","Trp53bp2"
"1516","Pla2g16"
"1517","Hace1"
"1518","Ppp2r5b"
"1519","Ctsll3"
"1520","Nppc"
"1521","Med23"
"1522","Fbxl14"
"1523","Kif18b"
"1524","Cpeb1"
"1525","Pcid2"
"1526","AI464131"
"1527","Hmcn1"
"1528","Poc1a"
"1529","Ube2u"
"1530","Prss51"
"1531","Sept9"
"1532","Psmd1"
"1533","Crabp2"
"1534","Cradd"
"1535","Lin52"
"1536","Rab11a"
"1537","Arhgef10"
"1538","Crebbp"
"1539","Mlh3"
"1540","Nek9"
"1541","Naip7"
"1542","March2"
"1543","Pcna"
"1544","Ppm1d"
"1545","Clpp"
"1546","Adamts16"
"1547","Rnf126"
"1548","Cry1"
"1549","Sept10"
"1550","Hdac8"
"1551","Rnf187"
"1552","Csnk2a1"
"1553","Rnf149"
"1554","Csnk2a2"
"1555","Cep135"
"1556","Smc3"
"1557","Pcsk5"
"1558","Ctbp1"
"1559","Htra3"
"1560","Ctsb"
"1561","Ctsc"
"1562","Ctsd"
"1563","Smc5"
"1564","Ctsg"
"1565","Ctsh"
"1566","Ctsk"
"1567","Ctsl"
"1568","Ctss"
"1569","Ctsw"
"1570","Nrip3"
"1571","Cycs"
"1572","Rps15a"
"1573","Stk26"
"1574","Uvrag"
"1575","Ttc28"
"1576","Cyp1a1"
"1577","Mta3"
"1578","Hectd2"
"1579","Cyp27b1"
"1580","Mir214"
"1581","Wee2"
"1582","Ncapd3"
"1583","Rprd1b"
"1584","Mipep"
"1585","Ptpn3"
"1586","Tacc3"
"1587","Dapk3"
"1588","Klhl9"
"1589","Rnf112"
"1590","Taf6"
"1591","Cep57l1"
"1592","Tal1"
"1593","Klhl32"
"1594","Fam65b"
"1595","Lzts2"
"1596","Daxx"
"1597","Cks1b"
"1598","Rnf167"
"1599","Fbxo32"
"1600","Irf6"
"1601","Spag5"
"1602","Stambp"
"1603","Tbrg1"
"1604","Tbx1"
"1605","Cyhr1"
"1606","Tbx2"
"1607","Tbx3"
"1608","Gadd45a"
"1609","Ddit3"
"1610","Mcm6"
"1611","Ccdc124"
"1612","Ddx3x"
"1613","Ddx4"
"1614","Ddx5"
"1615","Skp1a"
"1616","Trim8"
"1617","Ankle1"
"1618","March5"
"1619","Tcf7l1"
"1620","Tcf7l2"
"1621","Ipo5"
"1622","H1foo"
"1623","Tcf3"
"1624","Akap8l"
"1625","Rnf5"
"1626","Mcpt2"
"1627","Pak4"
"1628","Sept1"
"1629","Gbf1"
"1630","Habp2"
"1631","Pttg1ip"
"1632","Hist4h4"
"1633","Afap1l2"
"1634","Fbxo43"
"1635","Dach1"
"1636","Ube2v2"
"1637","Anapc2"
"1638","Cacul1"
"1639","Oip5"
"1640","Spry2"
"1641","E2f2"
"1642","Vcpip1"
"1643","Fam175a"
"1644","Brsk1"
"1645","Klhdc7a"
"1646","Wsb1"
"1647","Mdm1"
"1648","1500015O10Rik"
"1649","Pea15a"
"1650","Zbtb32"
"1651","Misp"
"1652","Asb15"
"1653","Ltn1"
"1654","Apbb2"
"1655","Dlg1"
"1656","Gas2l1"
"1657","Dmpk"
"1658","Mylip"
"1659","Dmc1"
"1660","Dmd"
"1661","Ern1"
"1662","Klhl21"
"1663","Nup153"
"1664","Rnf144b"
"1665","Fam178a"
"1666","Zfp385a"
"1667","Hip1r"
"1668","Crlf3"
"1669","Prdm5"
"1670","Ipo9"
"1671","Klhl30"
"1672","Ubr5"
"1673","Dazl"
"1674","Ankib1"
"1675","Cep192"
"1676","Dynlt1b"
"1677","Fmn2"
"1678","Xpo1"
"1679","Zyg11b"
"1680","Hgfac"
"1681","Dnmt3l"
"1682","Fbxw11"
"1683","Mapk12"
"1684","BC051665"
"1685","Nae1"
"1686","Dpp4"
"1687","Drd2"
"1688","Drd3"
"1689","Prss22"
"1690","Cdc14b"
"1691","Foxe3"
"1692","Klk8"
"1693","Tubgcp3"
"1694","Adam28"
"1695","Adam18"
"1696","Adam26a"
"1697","Adam24"
"1698","Spag8"
"1699","Txnl4b"
"1700","Ehd2"
"1701","Spdya"
"1702","Dyrk1a"
"1703","Klhl20"
"1704","Atg4c"
"1705","Rfwd3"
"1706","Tep1"
"1707","E2f1"
"1708","Aph1a"
"1709","Terf1"
"1710","Terf2"
"1711","E2f5"
"1712","E4f1"
"1713","Prss39"
"1714","Prss40"
"1715","Nabp1"
"1716","Rad21l"
"1717","Psmd2"
"1718","Cks1brt"
"1719","Trim69"
"1720","Tfdp1"
"1721","Lmln"
"1722","Ccnt1"
"1723","Ecel1"
"1724","Ect2"
"1725","Tgfa"
"1726","Tgfb1"
"1727","Tbc1d10a"
"1728","Edn1"
"1729","Tgfb2"
"1730","Mep1b"
"1731","Tubg1"
"1732","Tgm1"
"1733","Pex12"
"1734","Spc25"
"1735","Thbs1"
"1736","Foxo4"
"1737","Egf"
"1738","Klk1b22"
"1739","Egfbp2"
"1740","Klk1b9"
"1741","Prss54"
"1742","Rhbdf1"
"1743","Pde3a"
"1744","Trim24"
"1745","Trim28"
"1746","Prss41"
"1747","Ehd1"
"1748","Timeless"
"1749","Spg7"
"1750","Eif2ak3"
"1751","Chmp1a"
"1752","Cdk10"
"1753","Spire2"
"1754","Dyrk2"
"1755","Eif4e"
"1756","Eif4ebp1"
"1757","Prss55"
"1758","Maml1"
"1759","Tll1"
"1760","Cela2a"
"1761","Tmprss11f"
"1762","Tmprss11e"
"1763","Sh3glb1"
"1764","Nr2e1"
"1765","Kmt2e"
"1766","Arf6"
"1767","Cep126"
"1768","Inca1"
"1769","Tfap4"
"1770","Tnf"
"1771","Tnfaip1"
"1772","Slc25a33"
"1773","Tspyl2"
"1774","Gem"
"1775","Ahctf1"
"1776","Tnks"
"1777","Rcan1"
"1778","Sharpin"
"1779","Ints3"
"1780","Med17"
"1781","Top1"
"1782","Ccdc67"
"1783","Top2a"
"1784","Top2b"
"1785","Ska1"
"1786","Ppp1r13b"
"1787","Tpd52l1"
"1788","Eng"
"1789","Bhlhe41"
"1790","Tpp2"
"1791","Brca2"
"1792","Nipbl"
"1793","Asun"
"1794","Nr2c2"
"1795","Traf2"
"1796","Traf3"
"1797","Traf4"
"1798","Traf5"
"1799","Traf6"
"1800","Traip"
"1801","Try5"
"1802","Casp8ap2"
"1803","Atg4d"
"1804","Kank2"
"1805","Eps8"
"1806","Spdye4a"
"1807","Trp53"
"1808","Trp63"
"1809","Trp73"
"1810","Ercc2"
"1811","Ercc3"
"1812","Ereg"
"1813","Prss2"
"1814","Prss3"
"1815","Try4"
"1816","Sept7"
"1817","Ctsq"
"1818","Tsc2"
"1819","Tsg101"
"1820","Dmrtc2"
"1821","Rsph1"
"1822","Recql4"
"1823","Ptprv"
"1824","Ube2d2b"
"1825","Htt"
"1826","Ttc3"
"1827","Ttk"
"1828","Ttn"
"1829","Syne4"
"1830","Mki67"
"1831","Tubb3"
"1832","Twist1"
"1833","Esr1"
"1834","Stard13"
"1835","Tmprss11g"
"1836","Smarcad1"
"1837","Airn"
"1838","Pip"
"1839","Ubb"
"1840","Ube2m"
"1841","Ube2e3"
"1842","Ube2e1"
"1843","Ube2l3"
"1844","Ube2i"
"1845","Ecd"
"1846","Uba3"
"1847","Uba1"
"1848","Uba1y"
"1849","Mecom"
"1850","Pamr1"
"1851","Ube2a"
"1852","Ube2b"
"1853","Zfp503"
"1854","Ube2g2"
"1855","Ube2h"
"1856","Ube3a"
"1857","Usp12"
"1858","Tmem189"
"1859","Rprm"
"1860","Ubr1"
"1861","Uchl1"
"1862","Usp10"
"1863","Eya1"
"1864","Ezh2"
"1865","F10"
"1866","F2"
"1867","F2r"
"1868","F3"
"1869","F5"
"1870","F7"
"1871","F8"
"1872","F9"
"1873","Blmh"
"1874","Uqcrc1"
"1875","Fadd"
"1876","Fanca"
"1877","Fap"
"1878","Usp9x"
"1879","Sod1"
"1880","Fasl"
"1881","Wapl"
"1882","Usp19"
"1883","Usp28"
"1884","Taok2"
"1885","Ing2"
"1886","Vhl"
"1887","Ercc8"
"1888","Fen1"
"1889","Fer"
"1890","Tex15"
"1891","Stradb"
"1892","Fgf10"
"1893","Sfpq"
"1894","Fgf2"
"1895","Vrk1"
"1896","Atm"
"1897","Fgf8"
"1898","Fgfr1"
"1899","Fgfr2"
"1900","Fgfr3"
"1901","Prkacb"
"1902","Fhit"
"1903","Fhl1"
"1904","Wfs1"
"1905","Ppm1g"
"1906","Zmat3"
"1907","Smc2"
"1908","Wiz"
"1909","Prkcd"
"1910","Cntnap5a"
"1911","Wnt10b"
"1912","Ctgf"
"1913","Snx33"
"1914","Mmp16"
"1915","Wnt4"
"1916","Wnt5a"
"1917","Foxm1"
"1918","Dctn6"
"1919","Cps1"
"1920","Xbp1"
"1921","Xdh"
"1922","Xk"
"1923","Meig1"
"1924","Flot1"
"1925","Flt3l"
"1926","Usp3"
"1927","Hes1"
"1928","Tert"
"1929","Fnta"
"1930","Trrap"
"1931","E2f4"
"1932","Fosl1"
"1933","Klhl36"
"1934","Ctdsp1"
"1935","Cenpj"
"1936","Bap1"
"1937","Dgkz"
"1938","Ska3"
"1939","Fam32a"
"1940","Shprh"
"1941","Dner"
"1942","Aktip"
"1943","Clock"
"1944","Pnpt1"
"1945","Cdc5l"
"1946","Syde1"
"1947","Lrrcc1"
"1948","Mus81"
"1949","Gpsm2"
"1950","Tmprss11a"
"1951","Topbp1"
"1952","Susd2"
"1953","Atrx"
"1954","Xpc"
"1955","Cul2"
"1956","Parp3"
"1957","Xrcc5"
"1958","Tmprss6"
"1959","Mmp20"
"1960","Klhdc3"
"1961","Apeh"
"1962","Tysnd1"
"1963","Klf11"
"1964","Klhl5"
"1965","March8"
"1966","Ywhah"
"1967","Ankle2"
"1968","Prss42"
"1969","Prss50"
"1970","Gas1"
"1971","Rnf103"
"1972","Gas2"
"1973","Fbxw5"
"1974","Gata3"
"1975","Gata6"
"1976","Ranbp3"
"1977","Plcb1"
"1978","Rnf180"
"1979","Kif23"
"1980","Dync1li1"
"1981","Usp15"
"1982","Brsk2"
"1983","Ddi1"
"1984","Zfp207"
"1985","Fbxo40"
"1986","Zpr1"
"1987","Brd7"
"1988","Rab11fip4"
"1989","Syce2"
"1990","Nek11"
"1991","Dpep3"
"1992","Eme1"
"1993","Zswim2"
"1994","Ube2z"
"1995","Fbxo30"
"1996","Lzts1"
"1997","Fam83d"
"1998","Meioc"
"1999","Btbd6"
"2000","Ppp1r10"
"2001","Mad2l2"
"2002","Klk14"
"2003","Pttg1"
"2004","Prss30"
"2005","Rnf19a"
"2006","Bin1"
"2007","Haus5"
"2008","C1s2"
"2009","Epgn"
"2010","Hacd1"
"2011","Ikzf1"
"2012","Tom1l1"
"2013","Znrf3"
"2014","Nanog"
"2015","Trim71"
"2016","Ist1"
"2017","Rnf135"
"2018","Map3k1"
"2019","Ppp2r2a"
"2020","Tdrd12"
"2021","Esco2"
"2022","Kbtbd7"
"2023","Prss45"
"2024","Tdpoz2"
"2025","Tdpoz3"
"2026","Tdpoz4"
"2027","Tdpoz5"
"2028","Fbxo22"
"2029","Zfyve19"
"2030","Gnai1"
"2031","Gnai2"
"2032","Gnai3"
"2033","Pld6"
"2034","Fancm"
"2035","Alkbh4"
"2036","Zer1"
"2037","Urgcp"
"2038","D2Wsu81e"
"2039","S100a8"
"2040","Tom1l2"
"2041","Cbll1"
"2042","Pdpn"
"2043","Nup214"
"2044","Plpp7"
"2045","Cdip1"
"2046","Btbd1"
"2047","Osgepl1"
"2048","Cdk5rap3"
"2049","Ccnb1"
"2050","Lrsam1"
"2051","Abtb1"
"2052","Gpr3"
"2053","Dscc1"
"2054","Grk5"
"2055","Tpx2"
"2056","Seh1l"
"2057","Tox4"
"2058","pma"
"2059","Cdca3"
"2060","Rnf31"
"2061","Cables1"
"2062","Strada"
"2063","Ube4b"
"2064","Rabgap1"
"2065","Fbxl7"
"2066","Ovch2"
"2067","Recql5"
"2068","Fbxl2"
"2069","Klhl35"
"2070","Gsg2"
"2071","Rps3"
"2072","Gspt2"
"2073","Klhl38"
"2074","Nod1"
"2075","Asns"
"2076","Marveld1"
"2077","Bcat1"
"2078","Trip12"
"2079","Perp"
"2080","Cblb"
"2081","Naa50"
"2082","Myh10"
"2083","Nme6"
"2084","Nlrp1b"
"2085","Fbxo45"
"2086","Ccpg1"
"2087","Gzma"
"2088","Gzmb"
"2089","Gzmc"
"2090","Gzmd"
"2091","Gzme"
"2092","Gzmf"
"2093","Gzmg"
"2094","Gzmk"
"2095","Lsm11"
"2096","H13"
"2097","Mcph1"
"2098","Cfb"
"2099","Gca"
"2100","Pelo"
"2101","Btg3"
"2102","Kat6a"
"2103","Gm5415"
"2104","Snx18"
"2105","Tfdp2"
"2106","Mapk1"
"2107","Ctsz"
"2108","Ctsm"
"2109","Sfn"
"2110","Ralb"
"2111","Dusp3"
"2112","Capn11"
"2113","Krtap21-1"
"2114","Klhl41"
"2115","Bag6"
"2116","Tlk1"
"2117","Nlrc4"
"2118","Paxip1"
"2119","Pdzrn3"
"2120","Wdsub1"
"2121","Trim3"
"2122","Msh4"
"2123","Zfp385c"
"2124","Fancd2"
"2125","Lonrf1"
"2126","Cdkn3"
"2127","Cspp1"
"2128","Brap"
"2129","Pinx1"
"2130","Ncapg"
"2131","Smarcd3"
"2132","Sgol1"
"2133","Lrpprc"
"2134","Papln"
"2135","Ccnl2"
"2136","Hist2h3c1"
"2137","H3f3a"
"2138","Nhlrc1"
"2139","Rala"
"2140","Kbtbd6"
"2141","Znrf1"
"2142","Btg4"
"2143","Pla2r1"
"2144","Zc3h12d"
"2145","Adam29"
"2146","Bbc3"
"2147","Rnf44"
"2148","Ercc1"
"2149","Cts7"
"2150","Cts8"
"2151","Cenpn"
"2152","Rnf185"
"2153","Hcfc1"
"2154","Rps6kb1"
"2155","Ms4a3"
"2156","Cdk20"
"2157","Ptpn6"
"2158","Wwox"
"2159","Usp33"
"2160","Nanos3"
"2161","Hdac3"
"2162","Hdac5"
"2163","Mad2l1"
"2164","Hist2h3c2"
"2165","Hells"
"2166","Hist2h4"
"2167","Herc2"
"2168","Reep4"
"2169","Utp14b"
"2170","BC004004"
"2171","Rnf34"
"2172","Med27"
"2173","Lin9"
"2174","Foxg1"
"2175","Rbm38"
"2176","Sirt2"
"2177","Hgf"
"2178","Mst1"
"2179","Cul4b"
"2180","Hhex"
"2181","Ensa"
"2182","Becn1"
"2183","Klhl23"
"2184","Htra1"
"2185","Hint1"
"2186","Eid1"
"2187","Hipk1"
"2188","Hipk2"
"2189","Zfp386"
"2190","Usp13"
"2191","Slf1"
"2192","Zfp655"
"2193","Ube2j1"
"2194","H2afx"
"2195","Lif"
"2196","Zfp369"
"2197","Actr8"
"2198","Tdrkh"
"2199","Rack1"
"2200","Usp7"
"2201","Rbm14"
"2202","Hist1h4a"
"2203","Hist1h4b"
"2204","Tnfsf15"
"2205","Rassf1"
"2206","Rnf11"
"2207","Senp3"
"2208","Nupr1"
"2209","Hmg20b"
"2210","Trim2"
"2211","Phgdh"
"2212","Tmprss5"
"2213","Aatf"
"2214","Erap1"
"2215","Madd"
"2216","Hmga2"
"2217","Hus1b"
"2218","Arl2"
"2219","Nr4a1"
"2220","Foxa1"
"2221","Pum1"
"2222","Txnip"
"2223","Arl3"
"2224","Cables2"
"2225","Chmp7"
"2226","Fzr1"
"2227","Tmem59"
"2228","Rint1"
"2229","Kif18a"
"2230","Sass6"
"2231","Akap8"
"2232","Ndc1"
"2233","Hpgd"
"2234","Rtel1"
"2235","Ckap2"
"2236","Hpn"
"2237","Hras"
"2238","Stub1"
"2239","Trim23"
"2240","Prmt2"
"2241","Dstn"
"2242","Jade1"
"2243","Rbx1"
"2244","Pard3b"
"2245","Hspa8"
"2246","Rnf114"
"2247","Pot1b"
"2248","Mbtps1"
"2249","Fem1b"
"2250","Hsf1"
"2251","Mtch1"
"2252","Npat"
"2253","Ctsf"
"2254","Pias1"
"2255","Hspd1"
"2256","Hspa2"
"2257","Foxo3"
"2258","Nxt1"
"2259","Ruvbl1"
"2260","Klhl31"
"2261","Htra2"
"2262","Pard6a"
"2263","Rnf138"
"2264","Fbxl4"
"2265","Sept6"
"2266","Slc6a4"
"2267","Vcp"
"2268","Hus1"
"2269","Fbxo10"
"2270","Klk11"
"2271","March1"
"2272","Hepacam"
"2273","Ppp2r2b"
"2274","Ube2d2a"
"2275","Adam23"
"2276","Adam25"
"2277","Adamts5"
"2278","Ccnt2"
"2279","Mkrn1"
"2280","Amfr"
"2281","Arih1"
"2282","Arih2"
"2283","Avpi1"
"2284","Atr"
"2285","Bace1"
"2286","Clspn"
"2287","Capn10"
"2288","Cdc6"
"2289","Appl1"
"2290","Pappa2"
"2291","Adam21"
"2292","Dmtf1"
"2293","Trim56"
"2294","Btbd3"
"2295","Trim17"
"2296","Gsk3b"
"2297","Ets1"
"2298","Klk4"
"2299","Ankrd2"
"2300","Gadd45g"
"2301","Ppp2r2c"
"2302","Gdf15"
"2303","Mapre2"
"2304","Insc"
"2305","Klhl15"
"2306","Csrp2bp"
"2307","Sgsm3"
"2308","Mtbp"
"2309","Jtb"
"2310","Katna1"
"2311","Kel"
"2312","Pmpcb"
"2313","Gpr132"
"2314","Ranbp9"
"2315","Ercc6l"
"2316","Mapk7"
"2317","Gm15800"
"2318","Brinp1"
"2319","Rabgef1"
"2320","Mmp17"
"2321","Mtor"
"2322","Prss57"
"2323","Nek4"
"2324","Neu2"
"2325","Kbtbd8"
"2326","Rnf14"
"2327","Tsc1"
"2328","Rec8"
"2329","Med1"
"2330","Psrc1"
"2331","Pebp1"
"2332","Mylk2"
"2333","Cenpv"
"2334","Pin1"
"2335","Med24"
"2336","Cib1"
"2337","Klk7"
"2338","Psmd13"
"2339","E2f3"
"2340","Med20"
"2341","Mcts1"
"2342","Rnf13"
"2343","Klhl4"
"2344","Wasl"
"2345","Rgs14"
"2346","Xpot"
"2347","Sept3"
"2348","Smc1a"
"2349","Spry1"
"2350","Topaz1"
"2351","Sppl2b"
"2352","Ctsr"
"2353","Espl1"
"2354","Taf10"
"2355","Tlk2"
"2356","Tll2"
"2357","Id2"
"2358","Id3"
"2359","Id4"
"2360","Spice1"
"2361","Tpra1"
"2362","Topors"
"2363","Zfp217"
"2364","Nle1"
"2365","Prss1"
"2366","Ide"
"2367","Xrn1"
"2368","Ier3"
"2369","Fbxo4"
"2370","Pkp4"
"2371","Cxcl10"
"2372","Prss48"
"2373","Ifi204"
"2374","Prrg2"
"2375","Ppp1ca"
"2376","Trim63"
"2377","Oraov1"
"2378","Ifng"
"2379","Ccdc155"
"2380","Hist1h3g"
"2381","Prss44"
"2382","Mapre1"
"2383","Igf1"
"2384","Igf1r"
"2385","Igf2"
"2386","Fanci"
"2387","Prss52"
"2388","Ifnz"
"2389","Shh"
"2390","Hist1h3d"
"2391","Hist1h3b"
"2392","Hist1h3e"
"2393","Hist1h3h"
"2394","Hist1h3i"
"2395","Hist2h3b"
"2396","Hist1h4c"
"2397","Hist1h4d"
"2398","Hist1h4f"
"2399","Hist1h4i"
"2400","Hist1h4j"
"2401","Hist1h4k"
"2402","Tiprl"
"2403","Kat5"
"2404","Rspo1"
"2405","Pdxp"
"2406","Rad21"
"2407","Ccsap"
"2408","Bub3"
"2409","Tex24"
"2410","Rpl17"
"2411","Xpo7"
"2412","Msx1"
"2413","Spin2c"
"2414","Pds5a"
"2415","Fbxo25"
"2416","Msx2"
"2417","Asb4"
"2418","Asb2"
"2419","Asb3"
"2420","Brdt"
"2421","Rnf38"
"2422","Kif2b"
"2423","Trim12c"
"2424","Hist1h3a"
"2425","Tex19.2"
"2426","Pkmyt1"
"2427","Eme2"
"2428","Eda2r"
"2429","Il10"
"2430","Il12a"
"2431","Il12b"
"2432","Edn3"
"2433","Ankrd17"
"2434","Il1a"
"2435","Il1b"
"2436","Fam76b"
"2437","Il4"
"2438","Il4ra"
"2439","Zmpste24"
"2440","Dclre1a"
"2441","Mcidas"
"2442","Ilk"
"2443","Rnf212"
"2444","Kpnb1"
"2445","Phlda3"
"2446","Klhl18"
"2447","Trim25"
"2448","1810009J06Rik"
"2449","Bcl9"
"2450","Fancf"
"2451","Spg20"
"2452","Prss21"
"2453","Xpo4"
"2454","Zbtb49"
"2455","Brd4"
"2456","Capn9"
"2457","Ercc4"
"2458","Incenp"
"2459","Inha"
"2460","Inhba"
"2461","Cep250"
"2462","Rec114"
"2463","Psma8"
"2464","Ins2"
"2465","Tex19.1"
"2466","Insr"
"2467","Ccdc8"
"2468","1700123I01Rik"
"2469","Ipp"
"2470","Prss28"
"2471","Prss29"
"2472","Egfr"
"2473","Irf1"
"2474","4930444G20Rik"
"2475","Klhl12"
"2476","Rad9a"
"2477","Ubox5"
